time;IMU_Accel.Accel_Y
76.9;-12.801
179;-12.801
281.3;-12.033
383.4;-12.545
485.5;-13.313
587.7;-11.777000000000001
689.8;-12.033
792;-13.057
894.1;-13.057
996.2;-11.777000000000001
1098.4;-12.289
1200.5;-12.801
1302.7;-12.545
1404.8;-12.545
1507;-12.545
1609.1;-12.801
1711.2;-12.801
1813.5;-12.545
1915.7;-12.545
2017.9;-12.545
2120;-12.289
2222.2;-12.801
2324.3;-12.545
2426.4;-12.545
2528.6;-12.545
2630.8;-12.545
2732.9;-12.545
2835.1;-12.801
2937.2;-12.545
6793.9;-12.545
