time;IMU_Accel.Accel_Z
76.9;10.492
179;10.236
281.3;10.236
383.4;9.98
485.5;10.748000000000001
587.7;10.236
689.8;11.004
792;10.748000000000001
894.1;10.492
996.2;10.748000000000001
1098.4;9.98
1200.5;10.236
1302.7;10.236
1404.8;10.492
1507;10.492
1609.1;9.98
1711.2;10.492
1813.5;10.236
1915.7;10.236
2017.9;10.492
2120;10.236
2222.2;10.236
2324.3;10.492
2426.4;10.236
2528.6;10.492
2630.8;10.492
2732.9;10.492
2835.1;10.236
2937.2;10.236
6793.9;10.236
